<?xml version="1.0" encoding="UTF-8"?>
<definitions xmlns="http://www.omg.org/spec/BPMN/20100524/MODEL" xmlns:xsi="http://www.w3.org/2001/XMLSchema-instance" xmlns:activiti="http://activiti.org/bpmn" xmlns:bpmndi="http://www.omg.org/spec/BPMN/20100524/DI" xmlns:omgdc="http://www.omg.org/spec/DD/20100524/DC" xmlns:omgdi="http://www.omg.org/spec/DD/20100524/DI" typeLanguage="http://www.w3.org/2001/XMLSchema" expressionLanguage="http://www.w3.org/1999/XPath" targetNamespace="http://www.activiti.org/test">
  <process id="process_leave" name="process_leave">
    <documentation>请假流程定义：activiti5.2</documentation>
    <startEvent id="startevent1" name="Start"></startEvent>
    <userTask id="usertask1" name="请假申请" activiti:candidateGroups="leave_group">
      <multiInstanceLoopCharacteristics isSequential="false"></multiInstanceLoopCharacteristics>
    </userTask>
    <exclusiveGateway id="exclusivegateway1" name="Exclusive Gateway"></exclusiveGateway>
    <userTask id="usertask2" name="部门经理审批" activiti:candidateGroups="dept_check_group"></userTask>
    <userTask id="usertask3" name="总经理审批" activiti:candidateGroups="boss_check_group">
      <multiInstanceLoopCharacteristics isSequential="false"></multiInstanceLoopCharacteristics>
    </userTask>
    <sequenceFlow id="flow1" name="" sourceRef="startevent1" targetRef="usertask1"></sequenceFlow>
    <endEvent id="endevent1" name="End"></endEvent>
    <sequenceFlow id="flow2" name="" sourceRef="usertask1" targetRef="exclusivegateway1"></sequenceFlow>
    <sequenceFlow id="flow3" name="请假天数&lt;3天" sourceRef="exclusivegateway1" targetRef="usertask2">
      <conditionExpression xsi:type="tFormalExpression"><![CDATA[${day < 3}]]></conditionExpression>
    </sequenceFlow>
    <sequenceFlow id="flow4" name="" sourceRef="usertask2" targetRef="endevent1"></sequenceFlow>
    <sequenceFlow id="flow5" name="请假天数&gt;=3天" sourceRef="exclusivegateway1" targetRef="usertask3">
      <conditionExpression xsi:type="tFormalExpression"><![CDATA[${day >= 3}]]></conditionExpression>
    </sequenceFlow>
    <sequenceFlow id="flow6" name="" sourceRef="usertask3" targetRef="usertask1">
      <conditionExpression xsi:type="tFormalExpression"><![CDATA[${!iscorrect}]]></conditionExpression>
    </sequenceFlow>
    <sequenceFlow id="flow7" name="" sourceRef="usertask3" targetRef="endevent1"></sequenceFlow>
    <sequenceFlow id="flow8" name="" sourceRef="usertask2" targetRef="usertask1">
      <conditionExpression xsi:type="tFormalExpression"><![CDATA[${!iscorrect}]]></conditionExpression>
    </sequenceFlow>
  </process>
  <bpmndi:BPMNDiagram id="BPMNDiagram_process_leave">
    <bpmndi:BPMNPlane bpmnElement="process_leave" id="BPMNPlane_process_leave">
      <bpmndi:BPMNShape bpmnElement="startevent1" id="BPMNShape_startevent1">
        <omgdc:Bounds height="55" width="55" x="200" y="10"></omgdc:Bounds>
      </bpmndi:BPMNShape>
      <bpmndi:BPMNShape bpmnElement="usertask1" id="BPMNShape_usertask1">
        <omgdc:Bounds height="55" width="105" x="175" y="100"></omgdc:Bounds>
      </bpmndi:BPMNShape>
      <bpmndi:BPMNShape bpmnElement="exclusivegateway1" id="BPMNShape_exclusivegateway1">
        <omgdc:Bounds height="60" width="60" x="197" y="194"></omgdc:Bounds>
      </bpmndi:BPMNShape>
      <bpmndi:BPMNShape bpmnElement="usertask2" id="BPMNShape_usertask2">
        <omgdc:Bounds height="55" width="105" x="175" y="300"></omgdc:Bounds>
      </bpmndi:BPMNShape>
      <bpmndi:BPMNShape bpmnElement="usertask3" id="BPMNShape_usertask3">
        <omgdc:Bounds height="55" width="105" x="360" y="197"></omgdc:Bounds>
      </bpmndi:BPMNShape>
      <bpmndi:BPMNShape bpmnElement="endevent1" id="BPMNShape_endevent1">
        <omgdc:Bounds height="55" width="55" x="200" y="410"></omgdc:Bounds>
      </bpmndi:BPMNShape>
      <bpmndi:BPMNEdge bpmnElement="flow1" id="BPMNEdge_flow1">
        <omgdi:waypoint x="255" y="37"></omgdi:waypoint>
        <omgdi:waypoint x="175" y="127"></omgdi:waypoint>
      </bpmndi:BPMNEdge>
      <bpmndi:BPMNEdge bpmnElement="flow2" id="BPMNEdge_flow2">
        <omgdi:waypoint x="280" y="127"></omgdi:waypoint>
        <omgdi:waypoint x="197" y="224"></omgdi:waypoint>
      </bpmndi:BPMNEdge>
      <bpmndi:BPMNEdge bpmnElement="flow3" id="BPMNEdge_flow3">
        <omgdi:waypoint x="227" y="254"></omgdi:waypoint>
        <omgdi:waypoint x="227" y="245"></omgdi:waypoint>
      </bpmndi:BPMNEdge>
      <bpmndi:BPMNEdge bpmnElement="flow4" id="BPMNEdge_flow4">
        <omgdi:waypoint x="280" y="327"></omgdi:waypoint>
        <omgdi:waypoint x="200" y="437"></omgdi:waypoint>
      </bpmndi:BPMNEdge>
      <bpmndi:BPMNEdge bpmnElement="flow5" id="BPMNEdge_flow5">
        <omgdi:waypoint x="227" y="254"></omgdi:waypoint>
        <omgdi:waypoint x="360" y="224"></omgdi:waypoint>
      </bpmndi:BPMNEdge>
      <bpmndi:BPMNEdge bpmnElement="flow6" id="BPMNEdge_flow6">
        <omgdi:waypoint x="465" y="224"></omgdi:waypoint>
        <omgdi:waypoint x="412" y="127"></omgdi:waypoint>
        <omgdi:waypoint x="280" y="127"></omgdi:waypoint>
      </bpmndi:BPMNEdge>
      <bpmndi:BPMNEdge bpmnElement="flow7" id="BPMNEdge_flow7">
        <omgdi:waypoint x="465" y="224"></omgdi:waypoint>
        <omgdi:waypoint x="200" y="437"></omgdi:waypoint>
      </bpmndi:BPMNEdge>
      <bpmndi:BPMNEdge bpmnElement="flow8" id="BPMNEdge_flow8">
        <omgdi:waypoint x="280" y="327"></omgdi:waypoint>
        <omgdi:waypoint x="120" y="220"></omgdi:waypoint>
        <omgdi:waypoint x="175" y="127"></omgdi:waypoint>
      </bpmndi:BPMNEdge>
    </bpmndi:BPMNPlane>
  </bpmndi:BPMNDiagram>
</definitions>